{
  "bursty": {
    "adaptive": {
      "drop_rate": {
        "mean": 0.7827011741485266,
        "stdev": 0.00872443164252875
      },
      "high_priority_success_rate": {
        "mean": 0.670065586419753,
        "stdev": 0.031272638823499226
      },
      "latency": {
        "mean": 1.8445216049382716,
        "stdev": 0.10430092141542757
      },
      "reward": {
        "mean": -1.3213953012964759,
        "stdev": 0.06366456885583652
      },
      "throughput": {
        "mean": 2.1099537037037037,
        "stdev": 0.002304728427772511
      },
      "total_reward": {
        "mean": -237.8511542333657,
        "stdev": 11.459622394050573
      }
    },
    "fixed": {
      "drop_rate": {
        "mean": 0.075752841156711,
        "stdev": 0.006117357575983352
      },
      "high_priority_success_rate": {
        "mean": 0.7483796296296297,
        "stdev": 0.02905189826820655
      },
      "latency": {
        "mean": 1.2734848422218215,
        "stdev": 0.022611512275990286
      },
      "reward": {
        "mean": 0.6519962474885279,
        "stdev": 0.014815595351864507
      },
      "throughput": {
        "mean": 9.416435185185184,
        "stdev": 0.1721129399785773
      },
      "total_reward": {
        "mean": 117.35932454793503,
        "stdev": 2.6668071633356107
      }
    },
    "ppo": {
      "drop_rate": {
        "mean": 0.054701588288174785,
        "stdev": 0.005395351284896861
      },
      "high_priority_success_rate": {
        "mean": 0.7430555555555555,
        "stdev": 0.029995973964955375
      },
      "latency": {
        "mean": 1.58016008923561,
        "stdev": 0.051907384255066934
      },
      "reward": {
        "mean": 0.6815578664905803,
        "stdev": 0.016552654414778774
      },
      "throughput": {
        "mean": 9.802777777777777,
        "stdev": 0.1566301735686381
      },
      "total_reward": {
        "mean": 122.68041596830444,
        "stdev": 2.9794777946601787
      }
    },
    "priority_heuristic": {
      "drop_rate": {
        "mean": 0.05674569475673192,
        "stdev": 0.004797843048259123
      },
      "high_priority_success_rate": {
        "mean": 0.7444444444444445,
        "stdev": 0.02516718121281374
      },
      "latency": {
        "mean": 1.5036947287858746,
        "stdev": 0.041712487430767824
      },
      "reward": {
        "mean": 0.6733617752399225,
        "stdev": 0.013410858595225112
      },
      "throughput": {
        "mean": 9.63935185185185,
        "stdev": 0.1441646925545654
      },
      "total_reward": {
        "mean": 121.20511954318606,
        "stdev": 2.4139545471405204
      }
    },
    "token_bucket": {
      "drop_rate": {
        "mean": 0.0878379305126974,
        "stdev": 0.007742454969027609
      },
      "high_priority_success_rate": {
        "mean": 0.7474537037037038,
        "stdev": 0.030865975525813792
      },
      "latency": {
        "mean": 1.2806668662484635,
        "stdev": 0.02090097131591884
      },
      "reward": {
        "mean": 0.615808893547717,
        "stdev": 0.014052335322401605
      },
      "throughput": {
        "mean": 9.187268518518518,
        "stdev": 0.12954024120699462
      },
      "total_reward": {
        "mean": 110.84560083858905,
        "stdev": 2.5294203580322896
      }
    }
  },
  "high_load": {
    "adaptive": {
      "drop_rate": {
        "mean": 0.8714267507650381,
        "stdev": 0.0030756175291914074
      },
      "high_priority_success_rate": {
        "mean": 0.6935616916519695,
        "stdev": 0.021740794806137866
      },
      "latency": {
        "mean": 2.1070698302469135,
        "stdev": 0.09414470001337989
      },
      "reward": {
        "mean": -1.785158007431371,
        "stdev": 0.0971430601749681
      },
      "throughput": {
        "mean": 2.111111111111111,
        "stdev": 0.0
      },
      "total_reward": {
        "mean": -321.3284413376468,
        "stdev": 17.485750831494254
      }
    },
    "fixed": {
      "drop_rate": {
        "mean": 0.16145927396859064,
        "stdev": 0.010395312404882265
      },
      "high_priority_success_rate": {
        "mean": 0.892824074074074,
        "stdev": 0.021515274796331082
      },
      "latency": {
        "mean": 5.351010364057239,
        "stdev": 0.16380782475372516
      },
      "reward": {
        "mean": -0.7383450088245046,
        "stdev": 0.07631934648379424
      },
      "throughput": {
        "mean": 11.99375,
        "stdev": 0.012402329097488306
      },
      "total_reward": {
        "mean": -132.90210158841083,
        "stdev": 13.737482367082961
      }
    },
    "ppo": {
      "drop_rate": {
        "mean": 0.17703456395990258,
        "stdev": 0.016192563922521868
      },
      "high_priority_success_rate": {
        "mean": 0.8958333333333334,
        "stdev": 0.018334431236339585
      },
      "latency": {
        "mean": 2.933943836513281,
        "stdev": 0.16444905508973243
      },
      "reward": {
        "mean": 0.5628307257255664,
        "stdev": 0.06222128986859037
      },
      "throughput": {
        "mean": 11.990046296296297,
        "stdev": 0.011347623682923483
      },
      "total_reward": {
        "mean": 101.30953063060196,
        "stdev": 11.19983217634627
      }
    },
    "priority_heuristic": {
      "drop_rate": {
        "mean": 0.17501950132078672,
        "stdev": 0.01284139460024721
      },
      "high_priority_success_rate": {
        "mean": 0.8902777777777778,
        "stdev": 0.021186618083811955
      },
      "latency": {
        "mean": 3.1663404443742986,
        "stdev": 0.07323055179381276
      },
      "reward": {
        "mean": 0.5331497694093353,
        "stdev": 0.03988893243428887
      },
      "throughput": {
        "mean": 11.997685185185185,
        "stdev": 0.004609456855545224
      },
      "total_reward": {
        "mean": 95.96695849368035,
        "stdev": 7.180007838171996
      }
    },
    "token_bucket": {
      "drop_rate": {
        "mean": 0.18354009329779344,
        "stdev": 0.013863629931907633
      },
      "high_priority_success_rate": {
        "mean": 0.8958333333333334,
        "stdev": 0.02193351100466929
      },
      "latency": {
        "mean": 1.5842971923267062,
        "stdev": 0.02266794452862386
      },
      "reward": {
        "mean": 0.7279594680266072,
        "stdev": 0.01734902264369305
      },
      "throughput": {
        "mean": 11.97638888888889,
        "stdev": 0.02021423104834826
      },
      "total_reward": {
        "mean": 131.0327042447893,
        "stdev": 3.1228240758647487
      }
    }
  },
  "low_load": {
    "adaptive": {
      "drop_rate": {
        "mean": 0.5049767606364829,
        "stdev": 0.017410626664152225
      },
      "high_priority_success_rate": {
        "mean": 0.4919675925925926,
        "stdev": 0.03515380465624604
      },
      "latency": {
        "mean": 1.3520833333333335,
        "stdev": 0.05563551009829011
      },
      "reward": {
        "mean": -0.5903903226403225,
        "stdev": 0.028087104467410508
      },
      "throughput": {
        "mean": 1.999074074074074,
        "stdev": 0.0309392538802632
      },
      "total_reward": {
        "mean": -106.27025807525807,
        "stdev": 5.0556788041338905
      }
    },
    "fixed": {
      "drop_rate": {
        "mean": 7.634827810266406e-05,
        "stdev": 0.00030465137473147385
      },
      "high_priority_success_rate": {
        "mean": 0.4842592592592592,
        "stdev": 0.0347395286982689
      },
      "latency": {
        "mean": 0.9878960905349795,
        "stdev": 0.009538739710492676
      },
      "reward": {
        "mean": 0.3203377945034053,
        "stdev": 0.013186463559892305
      },
      "throughput": {
        "mean": 4.513425925925926,
        "stdev": 0.14963649519492492
      },
      "total_reward": {
        "mean": 57.66080301061296,
        "stdev": 2.373563440780616
      }
    },