{
  "bursty": {
    "adaptive": -237.8511542333657,
    "fixed": 117.35932454793503,
    "ppo": 122.68041596830444,
    "priority_heuristic": 121.20511954318606,
    "token_bucket": 110.84560083858905
  },
  "high_load": {
    "adaptive": -321.3284413376468,
    "fixed": -132.90210158841083,
    "ppo": 101.30953063060196,
    "priority_heuristic": 95.96695849368035,
    "token_bucket": 131.0327042447893
  },
  "low_load": {
    "adaptive": -106.27025807525807,
    "fixed": 57.66080301061296,
    "ppo": 57.59766082717403,
    "priority_heuristic": 57.59766082717403,
    "token_bucket": 57.59766082717403
  },
  "oscillating": {
    "adaptive": -242.4718030958985,
    "fixed": 145.810972015316,
    "ppo": 148.03247397499635,
    "priority_heuristic": 149.01265321689647,
    "token_bucket": 145.95678423996605
  }
}